﻿Table,Type,Method
OWNERS,Direct,org.springframework.samples.petclinic.owner.Owner.Owner
OWNERS,Direct,org.springframework.samples.petclinic.owner.Owner.addPet
OWNERS,Direct,org.springframework.samples.petclinic.owner.Owner.addVisit
OWNERS,Direct,org.springframework.samples.petclinic.owner.Owner.getAddress
OWNERS,Direct,org.springframework.samples.petclinic.owner.Owner.getCity
OWNERS,Direct,org.springframework.samples.petclinic.owner.Owner.getFirstName
OWNERS,Direct,org.springframework.samples.petclinic.owner.Owner.getId
OWNERS,Direct,org.springframework.samples.petclinic.owner.Owner.getLastName
OWNERS,Direct,org.springframework.samples.petclinic.owner.Owner.getPet
OWNERS,Direct,org.springframework.samples.petclinic.owner.Owner.getPets
OWNERS,Direct,org.springframework.samples.petclinic.owner.Owner.getTelephone
OWNERS,Direct,org.springframework.samples.petclinic.owner.Owner.setAddress
OWNERS,Direct,org.springframework.samples.petclinic.owner.Owner.setCity
OWNERS,Direct,org.springframework.samples.petclinic.owner.Owner.setId
OWNERS,Direct,org.springframework.samples.petclinic.owner.Owner.setLastName
OWNERS,Direct,org.springframework.samples.petclinic.owner.Owner.setTelephone
OWNERS,Direct,org.springframework.samples.petclinic.owner.OwnerRepository.findAll
OWNERS,Direct,org.springframework.samples.petclinic.owner.OwnerRepository.findById
OWNERS,Direct,org.springframework.samples.petclinic.owner.OwnerRepository.findByLastName
OWNERS,Direct,org.springframework.samples.petclinic.owner.OwnerRepository.save
PETS,Direct,org.springframework.samples.petclinic.owner.Owner.addPet
PETS,Direct,org.springframework.samples.petclinic.owner.Owner.addVisit
PETS,Direct,org.springframework.samples.petclinic.owner.Owner.getPet
PETS,Direct,org.springframework.samples.petclinic.owner.Owner.getPets
PETS,Direct,org.springframework.samples.petclinic.owner.OwnerRepository.findById
PETS,Direct,org.springframework.samples.petclinic.owner.OwnerRepository.findByLastName
PETS,Direct,org.springframework.samples.petclinic.owner.Pet.Pet
PETS,Direct,org.springframework.samples.petclinic.owner.Pet.addVisit
PETS,Direct,org.springframework.samples.petclinic.owner.Pet.getBirthDate
PETS,Direct,org.springframework.samples.petclinic.owner.Pet.getId
PETS,Direct,org.springframework.samples.petclinic.owner.Pet.getName
PETS,Direct,org.springframework.samples.petclinic.owner.Pet.getType
PETS,Direct,org.springframework.samples.petclinic.owner.Pet.getVisits
PETS,Direct,org.springframework.samples.petclinic.owner.Pet.setBirthDate
PETS,Direct,org.springframework.samples.petclinic.owner.Pet.setType
SPECIALTIES,Direct,org.springframework.samples.petclinic.vet.Specialty.Specialty
TYPES,Direct,org.springframework.samples.petclinic.owner.OwnerRepository.findPetTypes
TYPES,Direct,org.springframework.samples.petclinic.owner.Pet.getType
TYPES,Direct,org.springframework.samples.petclinic.owner.Pet.setType
TYPES,Direct,org.springframework.samples.petclinic.owner.PetType.PetType
TYPES,Direct,org.springframework.samples.petclinic.owner.PetType.getName
VET_SPECIALTIES,Direct,org.springframework.samples.petclinic.vet.Vet.getSpecialtiesInternal
VET_SPECIALTIES,Direct,org.springframework.samples.petclinic.vet.Vet.setSpecialtiesInternal
VETS,Direct,org.springframework.samples.petclinic.vet.Vet.Vet
VETS,Direct,org.springframework.samples.petclinic.vet.Vet.getSpecialtiesInternal
VETS,Direct,org.springframework.samples.petclinic.vet.Vet.setSpecialtiesInternal
VETS,Direct,org.springframework.samples.petclinic.vet.VetRepository.findAll
VETS,Direct,org.springframework.samples.petclinic.vet.VetRepository.findAll
VETS,Direct,org.springframework.samples.petclinic.vet.Vets.Vets
VETS,Direct,org.springframework.samples.petclinic.vet.Vets.getVetList
VISITS,Direct,org.springframework.samples.petclinic.owner.Pet.addVisit
VISITS,Direct,org.springframework.samples.petclinic.owner.Pet.getVisits
VISITS,Direct,org.springframework.samples.petclinic.owner.Visit.Visit
VISITS,Direct,org.springframework.samples.petclinic.owner.Visit.getDate
VISITS,Direct,org.springframework.samples.petclinic.owner.Visit.getDescription
VISITS,Direct,org.springframework.samples.petclinic.owner.Visit.setDate
VISITS,Direct,org.springframework.samples.petclinic.owner.Visit.setDescription